id;firstname;lastname;email;email2;profession;City;Addres;Home;Street;Glava;Cijena
100;Mellicent;Dalli;Mellicent.Dalli@yopmail.com;Mellicent.Dalli@gmail.com;doctor;Cardiff;Bulgaria;Arabel;Lail;ts;143
101;Annora;Zenas;Annora.Zenas@yopmail.com;Annora.Zenas@gmail.com;firefighter;Austin;Congo, The Democratic Republic of the;Lulita;Faust;EG;894
102;Viviene;Alrich;Viviene.Alrich@yopmail.com;Viviene.Alrich@gmail.com;developer;Nouakchott;Åland Islands;Stephanie;Fleeta;EV;680
103;Micheline;Raseda;Micheline.Raseda@yopmail.com;Micheline.Raseda@gmail.com;police officer;Cape Town;Congo;Elora;Nickola;DF;913
104;Mady;Orelee;Mady.Orelee@yopmail.com;Mady.Orelee@gmail.com;developer;Cuiabá;Croatia;Dotty;Autrey;"q ";564
105;Teriann;Linehan;Teriann.Linehan@yopmail.com;Teriann.Linehan@gmail.com;worker;Saipan;France;Consuela;Gordon;" t";771
106;Sherrie;Lanita;Sherrie.Lanita@yopmail.com;Sherrie.Lanita@gmail.com;firefighter;Honiara;Svalbard and Jan Mayen;Verla;Hachmin;YA;114
107;Marsiella;Sawtelle;Marsiella.Sawtelle@yopmail.com;Marsiella.Sawtelle@gmail.com;developer;Semarang;Portugal;Jenilee;Ortrude;qn;963
108;Silvana;Loleta;Silvana.Loleta@yopmail.com;Silvana.Loleta@gmail.com;worker;Batticaloa;French Guiana;Rayna;Arquit;Nk;514
109;Ottilie;Thomasina;Ottilie.Thomasina@yopmail.com;Ottilie.Thomasina@gmail.com;doctor;Charlotte;Bouvet Island;Dulcinea;Valoniah;VZ;831
110;Wileen;Crudden;Wileen.Crudden@yopmail.com;Wileen.Crudden@gmail.com;doctor;Makati City;Belarus;Winny;Eiser;ig;291
111;Rosabelle;Brotherson;Rosabelle.Brotherson@yopmail.com;Rosabelle.Brotherson@gmail.com;doctor;Adana;Aruba;Stephanie;Swanhildas;Vq;314
112;Roz;Nunci;Roz.Nunci@yopmail.com;Roz.Nunci@gmail.com;doctor;Avarua;Norfolk Island;Florie;Lipson;KD;349
113;Jaclyn;Brittani;Jaclyn.Brittani@yopmail.com;Jaclyn.Brittani@gmail.com;doctor;Lomé;Estonia;Ayn;Joli;QT;961
114;Cristine;Ader;Cristine.Ader@yopmail.com;Cristine.Ader@gmail.com;developer;Phnom Penh;Pitcairn;Trudie;Klemperer;lN;645
115;Sybille;Grosz;Sybille.Grosz@yopmail.com;Sybille.Grosz@gmail.com;developer;Vitória;Suriname;Di;Dalli;" p";379
116;Darci;Kat;Darci.Kat@yopmail.com;Darci.Kat@gmail.com;firefighter;Wellington;Egypt;Dorene;Ludewig;ZQ;477
117;Ardenia;Wildermuth;Ardenia.Wildermuth@yopmail.com;Ardenia.Wildermuth@gmail.com;firefighter;Chengdu;Georgia;Abbie;Sadowski;yr;799
118;Misha;Neva;Misha.Neva@yopmail.com;Misha.Neva@gmail.com;doctor;Jersey City;Seychelles;Maye;Corilla;lC;532
119;Kellen;Annice;Kellen.Annice@yopmail.com;Kellen.Annice@gmail.com;worker;Riga;Cameroon;Britte;Schwejda;nl;853
120;Emilia;Alice;Emilia.Alice@yopmail.com;Emilia.Alice@gmail.com;worker;Lilongwe;United Arab Emirates;Arlena;Fulmer;XJ;795
121;Concettina;Gillan;Concettina.Gillan@yopmail.com;Concettina.Gillan@gmail.com;firefighter;Tijuana;Haiti;Fidelia;Melan;bV;233
122;Cyndie;Briney;Cyndie.Briney@yopmail.com;Cyndie.Briney@gmail.com;doctor;Guatemala City;Uzbekistan;Dorthy;Bergman;me;449
123;Tressa;Salchunas;Tressa.Salchunas@yopmail.com;Tressa.Salchunas@gmail.com;firefighter;Ushuaia;Heard Island and Mcdonald Islands;Siana;Berard;NE;369
124;Robbi;McNully;Robbi.McNully@yopmail.com;Robbi.McNully@gmail.com;police officer;Nukus;Australia;Aurore;Fadiman;Jx;980
125;Elsie;Lareena;Elsie.Lareena@yopmail.com;Elsie.Lareena@gmail.com;developer;São José dos Campos;United States;Andeee;Delila;ZN;644
126;Jacenta;Leifeste;Jacenta.Leifeste@yopmail.com;Jacenta.Leifeste@gmail.com;police officer;Nanning;Djibouti;Camile;Zola;Hp;85
127;Almeta;Raffo;Almeta.Raffo@yopmail.com;Almeta.Raffo@gmail.com;developer;San Juan;Botswana;Julieta;Gwenore;Za;396
128;Iseabal;Stilwell;Iseabal.Stilwell@yopmail.com;Iseabal.Stilwell@gmail.com;doctor;Labasa;Botswana;Vita;Marijo;zg;288
129;Corene;Sisile;Corene.Sisile@yopmail.com;Corene.Sisile@gmail.com;firefighter;Nukuʻalofa;French Polynesia;Rubie;Malvino;YA;537
130;Wanda;Nedrud;Wanda.Nedrud@yopmail.com;Wanda.Nedrud@gmail.com;worker;Bern;Timor-Leste;Steffane;Brackely;vt;961
131;Aubrie;Rona;Aubrie.Rona@yopmail.com;Aubrie.Rona@gmail.com;firefighter;Beijing;Bosnia and Herzegovina;Tressa;Adalbert;Vg;510
132;Elmira;Toor;Elmira.Toor@yopmail.com;Elmira.Toor@gmail.com;worker;Split (city);French Southern Territories;Talya;Couture;jY;969
133;Gavrielle;Faust;Gavrielle.Faust@yopmail.com;Gavrielle.Faust@gmail.com;developer;Paramaribo;Belarus;Jeanna;Toni;An;102
134;Sam;Trey;Sam.Trey@yopmail.com;Sam.Trey@gmail.com;police officer;Lucknow;Brunei Darussalam;Heida;Milde;cE;380
135;Brietta;Tristram;Brietta.Tristram@yopmail.com;Brietta.Tristram@gmail.com;worker;Strasbourg;Cook Islands;Dari;Daegal;gM;708
136;Krystle;Tremayne;Krystle.Tremayne@yopmail.com;Krystle.Tremayne@gmail.com;worker;Yangon;Libyan Arab Jamahiriya;Cacilie;Macey;bN;6
137;Oralee;Buckler;Oralee.Buckler@yopmail.com;Oralee.Buckler@gmail.com;developer;Accra;Belgium;Debee;Bahr;iq;557
138;Wileen;Roche;Wileen.Roche@yopmail.com;Wileen.Roche@gmail.com;developer;Zapopan;Oman;Mariele;Joeann;" X";318
139;Paulita;Hoban;Paulita.Hoban@yopmail.com;Paulita.Hoban@gmail.com;developer;Dededo;Greenland;Tamqrah;Chandler;nL;557
140;Melodie;Hillel;Melodie.Hillel@yopmail.com;Melodie.Hillel@gmail.com;developer;Kharkiv;Macao;Jeanna;Pelagias;wL;411
141;Jillayne;Burch;Jillayne.Burch@yopmail.com;Jillayne.Burch@gmail.com;worker;Nanjing;Bermuda;June;Loleta;dA;116
142;Britte;Stuart;Britte.Stuart@yopmail.com;Britte.Stuart@gmail.com;firefighter;Porto-Novo;Swaziland;Barbi;Geffner;OE;317
143;Joy;Poppy;Joy.Poppy@yopmail.com;Joy.Poppy@gmail.com;police officer;Philadelphia;Afghanistan;Winifred;Zetta;IC;709
144;Tera;Bord;Tera.Bord@yopmail.com;Tera.Bord@gmail.com;firefighter;Blantyre;Moldova, Republic of;Demetris;Sacken;pR;116
145;Nataline;Shaver;Nataline.Shaver@yopmail.com;Nataline.Shaver@gmail.com;doctor;Beijing;Montserrat;Katuscha;Evvie;yb;663
146;Addia;Katrine;Addia.Katrine@yopmail.com;Addia.Katrine@gmail.com;worker;Lviv;Tanzania, United Republic of;Gianina;Wadell;ZU;873
147;Laurene;Mendez;Laurene.Mendez@yopmail.com;Laurene.Mendez@gmail.com;doctor;Luxembourg (city);Mexico;Gratia;Shirberg;XW;864
148;Kore;Dyche;Kore.Dyche@yopmail.com;Kore.Dyche@gmail.com;police officer;Harbin;Costa Rica;Carilyn;Hollingsworth;ws;909
149;Merle;Colp;Merle.Colp@yopmail.com;Merle.Colp@gmail.com;firefighter;Jacksonville;Malta;Ada;Ackerley;Dc;720
150;Goldie;Infield;Goldie.Infield@yopmail.com;Goldie.Infield@gmail.com;developer;San Fernando;Sri Lanka;Sidoney;Infield;xR;137
151;Merci;Schonfeld;Merci.Schonfeld@yopmail.com;Merci.Schonfeld@gmail.com;doctor;Naypyidaw;Cocos (Keeling) Islands;Beverley;Morrill;sk;506
152;Chrystel;Brenn;Chrystel.Brenn@yopmail.com;Chrystel.Brenn@gmail.com;developer;Magadan;Slovakia;Sarette;Larochelle;Cw;521
153;Minne;Kirbee;Minne.Kirbee@yopmail.com;Minne.Kirbee@gmail.com;developer;Minneapolis;Cook Islands;Donetta;Judye;og;787
154;Nikki;Nadia;Nikki.Nadia@yopmail.com;Nikki.Nadia@gmail.com;firefighter;Zürich;Bahrain;Laurene;Seligman;Yu;100
155;Malina;Kauppi;Malina.Kauppi@yopmail.com;Malina.Kauppi@gmail.com;developer;Quebec City;Romania;Leanna;LaRue;" X";267
156;Grier;Lail;Grier.Lail@yopmail.com;Grier.Lail@gmail.com;police officer;Dalian;Martinique;Kalina;Diogenes;Lb;157
157;Felice;Henebry;Felice.Henebry@yopmail.com;Felice.Henebry@gmail.com;firefighter;Cleveland;Guadeloupe;Aeriela;Gunn;NA;76
158;Ariela;Weaks;Ariela.Weaks@yopmail.com;Ariela.Weaks@gmail.com;worker;Jerusalem;Palau;Dominga;Nicoline;jh;122
159;Dania;Karl;Dania.Karl@yopmail.com;Dania.Karl@gmail.com;doctor;Manzini;Iceland;Merry;Rozanna;Gv;476
160;Livvyy;Karna;Livvyy.Karna@yopmail.com;Livvyy.Karna@gmail.com;worker;Dubai;Norway;Vonny;Niles;yf;354
161;Fanchon;Tiffa;Fanchon.Tiffa@yopmail.com;Fanchon.Tiffa@gmail.com;police officer;Virginia Beach;Japan;Claudina;Melony;JQ;502
162;Frieda;Lay;Frieda.Lay@yopmail.com;Frieda.Lay@gmail.com;developer;Concepción;Nicaragua;Shauna;Blake;EL;96
163;Peri;Firmin;Peri.Firmin@yopmail.com;Peri.Firmin@gmail.com;doctor;Basse-Terre;Jordan;Jemie;Garrison;nD;558
164;Elyssa;Lay;Elyssa.Lay@yopmail.com;Elyssa.Lay@gmail.com;police officer;Portland;Libyan Arab Jamahiriya;Trixi;Dreda;bt;378
165;Sissy;Cookie;Sissy.Cookie@yopmail.com;Sissy.Cookie@gmail.com;firefighter;Wuhan;AndorrA;Tamqrah;Ader;Fb;649
166;Kenna;Kravits;Kenna.Kravits@yopmail.com;Kenna.Kravits@gmail.com;firefighter;Manila;Gabon;Tori;Dash;EX;997
167;Tami;Vharat;Tami.Vharat@yopmail.com;Tami.Vharat@gmail.com;developer;Nouakchott;Cape Verde;Hannis;Georas;TS;860
168;Nadine;Jotham;Nadine.Jotham@yopmail.com;Nadine.Jotham@gmail.com;doctor;Port of Spain;Mauritania;Kamilah;Chobot;EO;444
169;Ann-Marie;Uund;Ann-Marie.Uund@yopmail.com;Ann-Marie.Uund@gmail.com;developer;Lahore;Macao;Fanny;Harriman;Rq;121
170;Genevra;Stanwood;Genevra.Stanwood@yopmail.com;Genevra.Stanwood@gmail.com;police officer;Rotterdam;Turkmenistan;Liana;Fosque;lW;434
171;Celisse;Beniamino;Celisse.Beniamino@yopmail.com;Celisse.Beniamino@gmail.com;worker;Rotterdam;Poland;Bettine;Kaete;ma;293
172;Suzette;Vins;Suzette.Vins@yopmail.com;Suzette.Vins@gmail.com;police officer;Puerto Williams;Netherlands;Shaine;Erminia;Tg;567
173;Ketti;Birdella;Ketti.Birdella@yopmail.com;Ketti.Birdella@gmail.com;doctor;Asunción;South Georgia and the South Sandwich Islands;Nessie;Wilona;Ph;275
174;Harrietta;Bartlett;Harrietta.Bartlett@yopmail.com;Harrietta.Bartlett@gmail.com;worker;Cusco;Tajikistan;Barbara;Emerson;Dm;576
175;Ruthe;Darrell;Ruthe.Darrell@yopmail.com;Ruthe.Darrell@gmail.com;doctor;Boston;Denmark;Kary;Fairweather;VU;880
176;Jsandye;Velick;Jsandye.Velick@yopmail.com;Jsandye.Velick@gmail.com;worker;Greenwich;Vanuatu;Kalina;Ursulette;GQ;368
177;Anallese;Ludewig;Anallese.Ludewig@yopmail.com;Anallese.Ludewig@gmail.com;developer;Pittsburgh;Saudi Arabia;Brana;Niccolo;cg;942
178;Eugine;Hartnett;Eugine.Hartnett@yopmail.com;Eugine.Hartnett@gmail.com;firefighter;Yakutsk;Antigua and Barbuda;Silvana;Blake;Ek;690
179;Madelle;Hourigan;Madelle.Hourigan@yopmail.com;Madelle.Hourigan@gmail.com;developer;Tallinn;Azerbaijan;Emelina;Saunderson;nC;454
180;Fredericka;Latini;Fredericka.Latini@yopmail.com;Fredericka.Latini@gmail.com;doctor;Bloemfontein;Colombia;Mara;Erskine;Fh;552
181;Christal;Podvin;Christal.Podvin@yopmail.com;Christal.Podvin@gmail.com;police officer;Yellowknife;Philippines;Suzette;An;KG;807
182;Yolane;Goerke;Yolane.Goerke@yopmail.com;Yolane.Goerke@gmail.com;police officer;Rosario;Malawi;Cristabel;Bultman;sD;436
183;Gerrie;Brotherson;Gerrie.Brotherson@yopmail.com;Gerrie.Brotherson@gmail.com;developer;Tokyo;Hong Kong;Marcelline;Gerge;vu;329
184;Tybie;Bury;Tybie.Bury@yopmail.com;Tybie.Bury@gmail.com;doctor;Hanga Roa;South Africa;Rani;Francyne;wS;400
185;Barbi;Gino;Barbi.Gino@yopmail.com;Barbi.Gino@gmail.com;developer;Taiyuan;Azerbaijan;Beverley;Infield;Ko;872
186;Tobe;Ade;Tobe.Ade@yopmail.com;Tobe.Ade@gmail.com;doctor;Cayenne;Åland Islands;Renae;Malvino;Og;3
187;Sean;Leary;Sean.Leary@yopmail.com;Sean.Leary@gmail.com;police officer;Moroni;Wallis and Futuna;Bobinette;Gaynor;Oz;589
188;Britte;Elo;Britte.Elo@yopmail.com;Britte.Elo@gmail.com;developer;Iqaluit;British Indian Ocean Territory;Ashlee;Winnick;" n";756
189;Vivia;Ralfston;Vivia.Ralfston@yopmail.com;Vivia.Ralfston@gmail.com;police officer;Oranjestad;Ghana;Mignon;Taima;wl;366
190;Julieta;Sancho;Julieta.Sancho@yopmail.com;Julieta.Sancho@gmail.com;police officer;Basra;Colombia;Peri;Rad;Tu;425
191;Bibby;Constancy;Bibby.Constancy@yopmail.com;Bibby.Constancy@gmail.com;doctor;Porto;Saint Kitts and Nevis;Olivette;Willie;JB;579
192;Farrah;Yuille;Farrah.Yuille@yopmail.com;Farrah.Yuille@gmail.com;worker;Kolkata;Mali;Ellette;Magdalen;OI;462
193;Etta;Kat;Etta.Kat@yopmail.com;Etta.Kat@gmail.com;worker;Yaren District;Mauritania;Jennica;Reidar;pv;665
194;Aurelie;Ogren;Aurelie.Ogren@yopmail.com;Aurelie.Ogren@gmail.com;police officer;Almaty;Mongolia;Annaliese;Dorothy;Cn;908
195;Rosaline;Colbert;Rosaline.Colbert@yopmail.com;Rosaline.Colbert@gmail.com;worker;Reykjavík;Iceland;Dominga;Hurley;Tq;248
196;Dawn;Avi;Dawn.Avi@yopmail.com;Dawn.Avi@gmail.com;police officer;Philadelphia;Sweden;Romona;Kellby;vo;182
197;Dotty;Kolnick;Dotty.Kolnick@yopmail.com;Dotty.Kolnick@gmail.com;worker;Djibouti (city);Norfolk Island;Etta;Obed;sb;791
198;Molli;Gillan;Molli.Gillan@yopmail.com;Molli.Gillan@gmail.com;police officer;Brikama;Dominican Republic;Queenie;Hortensia;rY;922
199;Sharlene;Lareena;Sharlene.Lareena@yopmail.com;Sharlene.Lareena@gmail.com;doctor;Mandurah;United Kingdom;Johna;Thema;Up;667